<serviceGroup>
  <service name="SimpleCopy10" targetNamespace="http://impact-project.eu/iif/service">
    <description>SimpleCopy 10 Service</description>
    <schema schemaNamespace="http://impact-project.eu/iif/service" />
    <parameter name="ServiceClass" locked="false">eu.impact_project.iif.service.SimpleCopy10</parameter>

    <operation name="simpleCopy">
      <messageReceiver class="org.apache.axis2.rpc.receivers.RPCMessageReceiver" />
    </operation>
    <parameter name="cliCommand1">/bin/cp ${input} ${output}</parameter>

    <parameter name="processingUnit">http://localhost:8080/impact/instances/tomcat1</parameter>
    <parameter name="publicHttpAccessDir">../webapps/ROOT/impact/tmp/</parameter>
    <parameter name="publicHttpAccessUrl">http://localhost:8080/impact/tmp/</parameter>
    <parameter name="serviceUrlFilter">^(https?)://([a-zA-Z\.]{1,20})([:]?)([0-9]{0,4})([a-zA-Z0-9-_/]{1,200})([\.]?)([a-z]){0,4}([\.]?[_]?)([a-zA-Z0-9-_/]{1,200})([a-z0-9_]){0,4}([\.]?)([_a-z0-9]){0,4}([a-zA-Z0-9-_/]{1,200})([\.]?)([a-z]){0,4}</parameter>
  </service>
</serviceGroup>